<?xml version="1.0" encoding="utf-8" ?>
<Defs>
    <RecipeDef>
        <defName>AutopsyHumanoid</defName>
        <label>perform autopsy</label>
        <description>Autopsy a humanoid corpse to obtain various stuff.</description>
        <jobString>Performing autopsy.</jobString>
        <workAmount>1000</workAmount>
        <workSkill>Medicine</workSkill>
        <effectWorking>Surgery</effectWorking>
        <soundWorking>Recipe_Surgery</soundWorking>
        <workSpeedStat>MedicalOperationSpeed</workSpeedStat>
        <workSkillLearnFactor>0.9</workSkillLearnFactor>
        <workerCounterClass>RecipeWorkerCounter_ButcherAnimals</workerCounterClass>
        <ingredients>
            <li>
                <filter>
                    <categories>
                        <li>CorpsesHumanlike</li>
                    </categories>
                </filter>
                <count>1</count>
            </li>
        </ingredients>
        <specialProducts>
            <li>Butchery</li>
        </specialProducts>
        <fixedIngredientFilter>
            <categories>
                <li>CorpsesHumanlike</li>
            </categories>
        </fixedIngredientFilter>
    </RecipeDef>
</Defs>